name,phone1,phone2,email
Sheryl,229.077.5154,397.884.0519x718,zunigavanessa@smith.info
Preston,5153435776,686-620-1820x944,vmata@colon.com
Roy,-1199,(496)978-3969x58947,beckycarr@hogan.com
Linda,001-808-617-6467x12895,-9892,stanleyblackwell@benson.org
Joanna,001-234-203-0635x76146,001-199-446-3860x3486,colinalvarado@miles.net
Aimee,(283)437-3886x88321,999-728-1637,louis27@gilbert.com
Darren,(496)452-6181x3291,+1-247-266-0963x4995,tgates@cantrell.com
Brett,001-583-352-7197x297,001-333-145-0369,asnow@colon.com
Sheryl,854-138-4911x5772,+1-448-910-2276x729,mariokhan@ryan-pope.org
Michelle,739.218.2516x459,001-054-401-0347x617,mdyer@escobar.net
Carl,637-854-0256x825,114.336.0784x788,kirksalas@webb.com
Jenna,(041)737-3846,+1-556-888-3485x42608,mark42@robbins.com
Tracey,001-949-844-8787,(855)713-8773,alex56@walls.org
Kristine,786-284-3358x62152,+1-315-627-1796x8074,holdenmiranda@clarke.com
Faith,(781)861-7180x8306,207-185-3665,cassieparrish@blevins-chapman.net
Miranda,540.085.3135x185,+1-600-462-6432x21881,vduncan@parks-hardy.com
Caroline,936.222.4746x9924,001-469-948-6341x359,holtgwendolyn@watson-davenport.com
Greg,(701)087-2415,(195)156-1861x26241,jaredjuarez@carroll.org
Clifford,001-151-330-3524x0469,(748)477-7174,joseph26@jacobson.com
Joanna,(266)131-7001x711,(283)312-5579x11543,tuckerangie@salazar.net
Maxwell,423.262.3059,202-880-0688x7491,fgibson@drake-webb.com
Kiara,001-274-040-3582x10611,+1-528-175-0973x4684,blanchardbob@wallace-shannon.com
Colleen,1935085151,(947)115-7711x5488,rsingleton@ryan-cherry.com
Janet,354.259.5062x7538,500.433.2022,stefanie71@spence.com
Shane,(429)005-9030x11004,541-116-4501,mariah88@santos.com
Marcus,674-677-8623,909-277-5485x566,donnamullins@norris-barrett.org
Dakota,(371)987-8576x4720,071-152-1376,stacey67@fields.org
Frederick,+1-077-121-1558x0687,264.742.7149,jacobkhan@bright.biz
Stefanie,(752)776-3286,+1-472-021-4814x85074,wterrell@clark.com
Kent,+1-472-143-5037x884,126.922.6153,qjimenez@boyd.com
Jack,965-108-4406x20714,046.906.1442x6784,gfigueroa@boone-zavala.com
Tom,416-338-3758,(775)890-7209,tapiagreg@beard.info
Gabriel,4077245425,646.044.0696x66800,coleolson@jennings.net
Kaitlyn,6303643286,447-710-6202x07313,georgeross@miles.org
Faith,+1-586-217-0359x6317,-2419,willistonya@randolph-baker.com
Tammie,001-276-734-4113x6087,(430)300-8770,harrisisaiah@jenkins.com
Nicholas,(661)425-6042,975-998-1519,fwolfe@dorsey.com
Jordan,7208417020,8035336772,tiffanydavies@harris-mcfarland.org
Bruce,559-529-4424,001-625-000-7132x0367,preese@frye-vega.com
Sherry,001-067-713-6440x158,(978)289-8785x5766,ann48@miller.com
Natalie,830.996.8238,499.122.5415,tcummings@fitzpatrick-ashley.com
Bryan,001-710-802-5565,078.699.8982x13881,woodwardandres@phelps.com
Wayne,(344)156-8632x1869,463-445-3702x38463,barbarapittman@holder.com
Luis,001-336-025-6849x701,684.698.2911x6092,bstuart@williamson-mcclure.com
Rhonda,(127)081-9339,+1-431-028-3337x3492,zkrueger@wolf-chavez.net
Joanne,(897)726-7952,(467)886-9467x5721,juan80@henson.net
Geoffrey,975.235.8921x269,(983)188-6873,bauercrystal@gay.com
Gloria,445-603-6729,001-395-959-4736x4524,bartlettjenna@zuniga-moss.biz
Brady,741.849.0139x524,+1-028-691-7497x0894,mccalltyrone@durham-rose.biz
Latoya,(530)287-4548x29481,162-234-0249x32790,bobhammond@barry.biz
Gerald,+1-323-239-1456x96168,(092)508-0269,uwarner@steele-arias.com
Samuel,802-242-7457,626.116.9535x8578,xpittman@ritter-carney.net
Patricia,322.549.7139x70040,(111)741-4173,vaughanchristy@lara.biz
Stacie,001-622-948-3641x24810,001-731-168-2893x8891,clinton85@colon-arias.org
Robin,698.303.4267,001-683-837-7651x525,greenemiranda@zimmerman.com
Ralph,2239271999,001-962-434-0867x649,goodmancesar@figueroa.biz
Phyllis,4500370767,001-508-064-6725x017,yhanson@warner-diaz.org
Danny,(669)384-8597x8794,506.731.5952x571,howelldarren@house-cohen.com
Kathy,001-171-716-2175x310,888.625.0654,ncamacho@boone-simmons.org
Kelli,020.324.2191x2022,424-157-8216,kristopher62@oliver.com
Lynn,846.468.6834x611,001-248-691-0006,mpham@rios-guzman.com
Shelley,423.098.0315x8373,+1-386-458-8944x15194,zachary96@mitchell-bryant.org
Eddie,+1-235-657-1073x6306,(026)401-7353x2417,kristiwhitney@bernard.com
Chloe,981-544-9452,+1-288-552-4666x060,leah85@sutton-terrell.com
Eileen,+1-158-951-4131x53578,001-673-779-6713x680,levigiles@vincent.com
Fernando,497.829.9038,3863743398,fisherlinda@schaefer.net
Makayla,001-215-801-6392x46009,027-609-6460,scottcurtis@hurley.biz
Tom,(585)606-2980x2258,730-797-3594x5614,nicholsonnina@montgomery.info
Virginia,027.846.3705x14184,+1-439-171-1846x4636,zvalencia@phelps.com
Riley,6977745822,855-436-7641,alex06@galloway.com
Alexandria,078-900-4760x76668,414-112-8700x68751,lee48@manning.com
Richard,581-440-6539,9857827463,aharper@maddox-townsend.org
Candice,001-927-965-8550x92406,001-243-038-4271x53076,buckleycory@odonnell.net
Anita,874.617.5668x69878,(399)820-6418x0071,angie04@oconnell.com
Regina,001-469-848-0724x4407,001-085-360-4426x00357,zrosario@rojas-hardin.net
Debra,+1-768-182-6014x14336,(303)961-4491,shieldskerry@robles.com
Brittany,(050)136-9025,001-480-851-2496x0157,mchandler@cochran-huerta.org
Cassidy,5040771311,684-682-0021x1326,katrinalane@fitzgerald.com
Laurie,007.155.3406x553,+1-809-862-5566x277,cookejill@powell.com
Alejandro,(690)068-4641x51468,555.509.8691x2329,elizabethbarr@ewing.com
Leslie,629.198.6346,075.256.0829,corey75@wiggins.com
Kathleen,(733)910-9968,(691)247-4128x0665,chloelester@higgins-wilkinson.com
Hunter,(733)833-6754,001-761-013-7121,isaac26@benton-finley.com
Chad,8275702958,(804)842-4715,justinwalters@jimenez.com
Corey,001-439-242-4986x7918,3162708934,maurice46@morgan.com
Emma,128-059-0206x60217,(312)164-4545x2284,walter83@juarez.org
Duane,(636)544-7783x7288,(203)287-1003x5932,kmercer@wagner.com
Alison,365-273-8144,053-308-7653x6287,vcantu@norton.com
Vernon,114-854-1159x555,499-608-4612,hilljesse@barrett.info
Lori,679.415.1210,945-842-3659x4581,tyrone77@valenzuela.info
Nina,053-344-3205,+1-330-920-5422x571,elliserica@frank.com
Shane,-1692,001-626-114-5844x55073,nsteele@sparks.com
Collin,404-645-5351x012,001-257-582-8850x8516,dudleyemily@gonzales.biz
Sherry,158-687-1764,(438)375-6207x003,alan79@gates-mclaughlin.com
Darrell,001-084-845-9524x1777,001-769-564-6303,grayjean@lowery-good.com
Karl,(188)169-1674x58692,001-841-293-3519x614,hhart@jensen.com
Lynn,-3769,605.413.3198,vkemp@ferrell.com
Fred,+1-753-067-8419x7170,+1-632-666-7507x92121,swagner@kane.org
Yvonne,(530)311-9786,001-869-452-0943x12424,mccarthystephen@horn-green.biz
Clarence,(753)813-6941,783.639.1472,colleen91@faulkner.biz
